{
  "timestamp": 1771196783.9956198,
  "config": {
    "start_level": 5,
    "max_level": 7,
    "auto_advance": true,
    "tetra_enabled": true
  },
  "agent_config": {
    "n_features": 20,
    "n_hidden": 128,
    "learning_rate": 0.005,
    "gamma": 0.95,
    "epsilon": 0.2
  },
  "level_stats": [
    {
      "level": 5,
      "level_name": "All blocks, 8-wide",
      "episodes": 200,
      "max_pieces": 300,
      "mean_lines": 6.72,
      "std_lines": 10.416890130936393,
      "max_lines": 62,
      "mean_reward": 38.320100000000004,
      "lines_history": [
        4,
        1,
        1,
        1,
        1,
        1,
        1,
        1,
        1,
        1,
        1,
        14,
        1,
        2,
        1,
        1,
        1,
        1,
        1,
        1,
        3,
        1,
        1,
        1,
        1,
        1,
        1,
        16,
        3,
        12,
        16,
        19,
        1,
        1,
        46,
        1,
        1,
        22,
        1,
        1,
        1,
        4,
        1,
        6,
        9,
        1,
        2,
        12,
        1,
        1,
        7,
        2,
        1,
        7,
        11,
        1,
        1,
        1,
        1,
        1,
        9,
        25,
        1,
        1,
        3,
        6,
        1,
        1,
        5,
        3,
        24,
        3,
        14,
        24,
        1,
        12,
        3,
        3,
        24,
        14,
        24,
        1,
        1,
        14,
        37,
        3,
        1,
        1,
        1,
        1,
        6,
        1,
        4,
        5,
        10,
        3,
        24,
        1,
        1,
        1,
        1,
        1,
        35,
        1,
        1,
        1,
        6,
        22,
        62,
        1,
        1,
        1,
        1,
        3,
        5,
        12,
        1,
        1,
        1,
        1,
        1,
        1,
        1,
        1,
        12,
        13,
        17,
        1,
        31,
        1,
        1,
        1,
        9,
        1,
        6,
        1,
        1,
        1,
        14,
        20,
        33,
        6,
        23,
        1,
        1,
        1,
        1,
        1,
        2,
        1,
        7,
        1,
        1,
        6,
        1,
        1,
        1,
        15,
        1,
        1,
        37,
        11,
        1,
        1,
        1,
        43,
        1,
        1,
        4,
        6,
        1,
        28,
        1,
        1,
        12,
        2,
        4,
        1,
        1,
        1,
        1,
        1,
        14,
        1,
        1,
        46,
        11,
        33,
        1,
        1,
        1,
        1,
        1,
        9,
        21,
        15,
        36,
        1,
        19,
        1
      ]
    },
    {
      "level": 6,
      "level_name": "All blocks, 10-wide",
      "episodes": 200,
      "max_pieces": 400,
      "mean_lines": 6.575,
      "std_lines": 13.336955237234621,
      "max_lines": 69,
      "mean_reward": 50.143299999999996,
      "lines_history": [
        7,
        32,
        0,
        1,
        1,
        0,
        0,
        0,
        1,
        0,
        3,
        1,
        2,
        5,
        1,
        0,
        3,
        1,
        0,
        4,
        1,
        0,
        0,
        0,
        0,
        3,
        0,
        1,
        0,
        1,
        3,
        0,
        13,
        18,
        1,
        1,
        10,
        1,
        0,
        1,
        0,
        0,
        13,
        1,
        52,
        0,
        29,
        18,
        0,
        1,
        1,
        21,
        1,
        28,
        13,
        11,
        1,
        1,
        21,
        62,
        6,
        1,
        1,
        0,
        1,
        2,
        0,
        1,
        1,
        4,
        69,
        25,
        25,
        24,
        0,
        15,
        18,
        0,
        1,
        19,
        69,
        1,
        2,
        33,
        5,
        0,
        3,
        1,
        1,
        1,
        0,
        16,
        0,
        1,
        1,
        3,
        1,
        3,
        47,
        0,
        1,
        1,
        0,
        1,
        0,
        1,
        1,
        1,
        1,
        1,
        0,
        61,
        0,
        8,
        1,
        1,
        0,
        0,
        0,
        0,
        0,
        1,
        26,
        0,
        1,
        1,
        0,
        0,
        0,
        0,
        0,
        0,
        1,
        1,
        0,
        0,
        0,
        1,
        41,
        0,
        0,
        0,
        0,
        0,
        1,
        1,
        1,
        0,
        0,
        1,
        1,
        0,
        1,
        1,
        32,
        1,
        8,
        1,
        62,
        1,
        0,
        1,
        1,
        0,
        1,
        3,
        0,
        1,
        11,
        0,
        14,
        1,
        1,
        0,
        1,
        1,
        20,
        22,
        1,
        1,
        16,
        1,
        5,
        52,
        2,
        25,
        14,
        1,
        3,
        11,
        1,
        13,
        5,
        8,
        4,
        11,
        1,
        4,
        1,
        2
      ]
    },
    {
      "level": 7,
      "level_name": "Standard Tetris",
      "episodes": 200,
      "max_pieces": 500,
      "mean_lines": 11.145,
      "std_lines": 20.285807230672386,
      "max_lines": 114,
      "mean_reward": 79.31975,
      "lines_history": [
        1,
        1,
        19,
        32,
        19,
        1,
        16,
        1,
        1,
        1,
        18,
        1,
        7,
        1,
        1,
        14,
        5,
        28,
        19,
        1,
        1,
        1,
        88,
        1,
        1,
        12,
        9,
        1,
        75,
        1,
        35,
        63,
        21,
        1,
        13,
        82,
        1,
        3,
        12,
        1,
        1,
        1,
        1,
        1,
        1,
        36,
        1,
        3,
        41,
        33,
        32,
        1,
        10,
        22,
        1,
        1,
        23,
        1,
        1,
        1,
        1,
        1,
        22,
        28,
        13,
        1,
        1,
        69,
        1,
        1,
        1,
        1,
        3,
        1,
        17,
        114,
        22,
        1,
        11,
        86,
        1,
        3,
        1,
        1,
        1,
        1,
        9,
        1,
        1,
        1,
        1,
        1,
        1,
        40,
        1,
        1,
        1,
        3,
        1,
        5,
        1,
        1,
        1,
        1,
        1,
        15,
        3,
        11,
        1,
        17,
        1,
        1,
        1,
        3,
        61,
        1,
        1,
        21,
        1,
        12,
        1,
        1,
        73,
        1,
        1,
        15,
        1,
        41,
        1,
        1,
        1,
        1,
        3,
        1,
        1,
        1,
        1,
        1,
        14,
        65,
        1,
        1,
        1,
        9,
        1,
        1,
        3,
        1,
        36,
        1,
        63,
        1,
        19,
        24,
        109,
        33,
        1,
        27,
        1,
        1,
        1,
        1,
        1,
        3,
        1,
        29,
        1,
        1,
        22,
        1,
        28,
        1,
        1,
        1,
        1,
        1,
        1,
        1,
        1,
        1,
        1,
        3,
        3,
        19,
        1,
        3,
        1,
        1,
        1,
        1,
        27,
        1,
        1,
        39,
        12,
        1,
        8,
        1,
        1,
        1
      ]
    }
  ],
  "comparison": [
    {
      "level": 5,
      "curriculum": 6.72,
      "dellacherie": 0.0,