{
  "timestamp": 1771193961.6658137,
  "config": {
    "start_level": 2,
    "max_level": 3,
    "auto_advance": true,
    "tetra_enabled": true
  },
  "agent_config": {
    "n_features": 18,
    "n_hidden": 128,
    "learning_rate": 0.005,
    "gamma": 0.95,
    "epsilon": 0.2
  },
  "level_stats": [
    {
      "level": 2,
      "level_name": "O + I blocks",
      "episodes": 50,
      "max_pieces": 100,
      "mean_lines": 8.5,
      "std_lines": 10.800462953040485,
      "max_lines": 50,
      "mean_reward": 40.9812,
      "lines_history": [
        3,
        9,
        2,
        5,
        24,
        7,
        2,
        3,
        10,
        14,
        0,
        6,
        30,
        5,
        10,
        3,
        3,
        11,
        47,
        12,
        8,
        7,
        2,
        13,
        7,
        9,
        28,
        14,
        50,
        6,
        6,
        0,
        0,
        4,
        4,
        0,
        12,
        1,
        0,
        0,
        0,
        14,
        4,
        0,
        19,
        0,
        0,
        0,
        11,
        0
      ]
    },
    {
      "level": 3,
      "level_name": "O + I + T blocks",
      "episodes": 100,
      "max_pieces": 150,
      "mean_lines": 14.6,
      "std_lines": 14.228843944607725,
      "max_lines": 58,
      "mean_reward": 70.1143,
      "lines_history": [
        1,
        20,
        11,
        9,
        18,
        24,
        23,
        16,
        52,
        13,
        1,
        1,
        10,
        25,
        8,
        4,
        20,
        18,
        1,
        3,
        43,
        12,
        7,
        54,
        1,
        4,
        28,
        11,
        11,
        1,
        1,
        9,
        1,
        1,
        16,
        1,
        1,
        19,
        5,
        10,
        28,
        12,
        1,
        6,
        58,
        10,
        1,
        1,
        35,
        53,
        6,
        8,
        11,
        1,
        37,
        1,
        24,
        1,
        1,
        27,
        23,
        20,
        46,
        22,
        14,
        19,
        1,
        8,
        12,
        24,
        1,
        1,
        10,
        15,
        26,
        17,
        1,
        4,
        15,
        22,
        47,
        17,
        11,
        1,
        52,
        35,
        13,
        1,
        1,
        17,
        1,
        1,
        19,
        14,
        1,
        30,
        27,
        17,
        17,
        1
      ]
    }
  ],
  "comparison": [
    {
      "level": 2,
      "curriculum": 8.5,
      "dellacherie": 0.0,
      "gap": 8.5,
      "max": 50
    },
    {
      "level": 3,
      "curriculum": 14.6,
      "dellacherie": 0.0,
      "gap": 14.6,
      "max": 58
    }
  ],
  "baseline": {}
}