{
  "timestamp": 1771196495.2876902,
  "config": {
    "start_level": 4,
    "max_level": 4,
    "auto_advance": true,
    "tetra_enabled": true
  },
  "agent_config": {
    "n_features": 20,
    "n_hidden": 128,
    "learning_rate": 0.005,
    "gamma": 0.95,
    "epsilon": 0.2
  },
  "level_stats": [
    {
      "level": 4,
      "level_name": "+ S, Z blocks",
      "episodes": 150,
      "max_pieces": 200,
      "mean_lines": 6.426666666666667,
      "std_lines": 8.750121269000916,
      "max_lines": 50,
      "mean_reward": 40.49006666666667,
      "lines_history": [
        5,
        1,
        6,
        10,
        9,
        1,
        6,
        4,
        1,
        2,
        1,
        3,
        19,
        16,
        24,
        1,
        4,
        1,
        2,
        1,
        1,
        1,
        1,
        1,
        3,
        1,
        3,
        14,
        1,
        1,
        6,
        10,
        1,
        4,
        1,
        2,
        1,
        8,
        20,
        5,
        1,
        1,
        1,
        1,
        5,
        1,
        1,
        11,
        5,
        17,
        11,
        1,
        5,
        8,
        1,
        12,
        2,
        1,
        1,
        16,
        1,
        3,
        1,
        3,
        1,
        27,
        32,
        1,
        7,
        1,
        16,
        4,
        50,
        1,
        5,
        27,
        19,
        1,
        1,
        5,
        2,
        1,
        1,
        8,
        13,
        31,
        3,
        2,
        1,
        1,
        8,
        8,
        48,
        1,
        2,
        13,
        4,
        16,
        12,
        1,
        2,
        2,
        10,
        1,
        16,
        12,
        1,
        1,
        2,
        1,
        13,
        3,
        19,
        5,
        7,
        1,
        2,
        9,
        1,
        10,
        4,
        16,
        2,
        3,
        1,
        7,
        4,
        1,
        37,
        1,
        1,
        1,
        4,
        11,
        5,
        14,
        1,
        1,
        1,
        1,
        1,
        1,
        3,
        1,
        3,
        1,
        28,
        3,
        1,
        2
      ]
    }
  ],
  "comparison": [
    {
      "level": 4,
      "curriculum": 6.426666666666667,
      "dellacherie": 0.0,
      "gap": 6.426666666666667,
      "max": 50
    }
  ],
  "baseline": {}
}