{
  "timestamp": 1771195700.5794187,
  "config": {
    "start_level": 4,
    "max_level": 4,
    "auto_advance": true,
    "tetra_enabled": true
  },
  "agent_config": {
    "n_features": 20,
    "n_hidden": 128,
    "learning_rate": 0.005,
    "gamma": 0.95,
    "epsilon": 0.2
  },
  "level_stats": [
    {
      "level": 4,
      "level_name": "+ S, Z blocks",
      "episodes": 150,
      "max_pieces": 200,
      "mean_lines": 10.433333333333334,
      "std_lines": 10.730900345368148,
      "max_lines": 62,
      "mean_reward": 69.23913333333333,
      "lines_history": [
        1,
        1,
        1,
        8,
        2,
        2,
        10,
        3,
        2,
        14,
        7,
        8,
        3,
        7,
        8,
        12,
        1,
        4,
        12,
        31,
        11,
        2,
        2,
        1,
        2,
        41,
        4,
        11,
        5,
        8,
        4,
        9,
        10,
        1,
        34,
        16,
        5,
        9,
        3,
        55,
        10,
        2,
        8,
        9,
        2,
        8,
        35,
        2,
        8,
        5,
        9,
        10,
        4,
        2,
        3,
        36,
        3,
        6,
        20,
        8,
        8,
        12,
        10,
        4,
        5,
        13,
        13,
        8,
        3,
        23,
        2,
        2,
        18,
        10,
        2,
        3,
        13,
        14,
        40,
        2,
        3,
        4,
        62,
        11,
        2,
        3,
        12,
        3,
        15,
        8,
        23,
        2,
        9,
        9,
        4,
        25,
        14,
        19,
        2,
        4,
        14,
        8,
        17,
        15,
        4,
        11,
        11,
        8,
        2,
        2,
        7,
        28,
        8,
        2,
        2,
        13,
        2,
        10,
        18,
        2,
        33,
        5,
        18,
        2,
        14,
        2,
        7,
        25,
        8,
        49,
        3,
        3,
        8,
        10,
        25,
        4,
        20,
        4,
        6,
        3,
        12,
        13,
        12,
        6,
        36,
        18,
        13,
        4,
        15,
        4
      ]
    }
  ],
  "comparison": [
    {
      "level": 4,
      "curriculum": 10.433333333333334,
      "dellacherie": 0.0,
      "gap": 10.433333333333334,
      "max": 62
    }
  ],
  "baseline": {}
}