{
  "n_seeds": 30,
  "pretrain_episodes": 250,
  "n_hidden": 5000,
  "fresh_steps": [
    46,
    60,
    106,
    55,
    63,
    59,
    69,
    88,
    56,
    74,
    94,
    88,
    52,
    56,
    47,
    64,
    46,
    92,
    68,
    60,
    61,
    58,
    105,
    39,
    89,
    84,
    58,
    105,
    21,
    44
  ],
  "pretrained_steps": [
    10,
    10,
    10,
    10,
    10,
    10,
    10,
    10,
    10,
    10,
    10,
    10,
    10,
    10,
    10,
    10,
    10,
    10,
    10,
    10,
    10,
    10,
    10,
    10,
    10,
    10,
    10,
    10,
    10,
    10
  ],
  "statistics": {
    "speedup": 6.69,
    "t_statistic": 14.61960392304825,
    "p_value": 4.147987364512717e-21,
    "effect_size": 3.7747655014743,
    "pretrained_mean": 10.0,
    "fresh_mean": 66.9,
    "pretrained_ci": [
      10.0,
      10.0
    ],
    "fresh_ci": [
      58.93989607037956,
      74.86010392962045
    ],
    "n_pretrained": 30,
    "n_fresh": 30,
    "significant": true
  },
  "timestamp": "2026-02-07T18:47:51.871082"
}